島根県出雲市多久谷町127-1
島根県出雲市多久谷町125-1
島根県出雲市多久谷町124-1
島根県出雲市多久谷町173
島根県出雲市多久谷町172
島根県出雲市多久谷町169
島根県出雲市多久谷町171-1
島根県出雲市多久町561-1
島根県出雲市多久谷町363-1
島根県出雲市多久谷町362
島根県出雲市多久谷町361
島根県出雲市多久谷町371
島根県出雲市多久谷町373
島根県出雲市多久谷町374
島根県出雲市多久谷町375
島根県出雲市多久谷町456
島根県出雲市多久谷町462
島根県出雲市多久谷町463
島根県出雲市多久谷町464
島根県出雲市多久谷町450-6
島根県出雲市多久谷町491
島根県出雲市多久谷町492
島根県出雲市多久谷町495-1
島根県出雲市多久谷町508-1
島根県出雲市多久谷町509-1
島根県出雲市多久谷町510-1
島根県出雲市多久谷町511-1
島根県出雲市多久谷町528-1
島根県出雲市多久谷町529-1
島根県出雲市多久谷町540-1
島根県出雲市多久谷町541
島根県出雲市多久谷町542
島根県出雲市多久谷町697-1
島根県出雲市多久谷町698-1
島根県出雲市多久谷町700-1
島根県出雲市多久谷町701
島根県出雲市多久谷町661
島根県出雲市多久谷町662-1
島根県出雲市多久谷町663-1
島根県出雲市多久谷町664
島根県出雲市多久谷町708
島根県出雲市多久谷町712-2
島根県出雲市多久谷町713
島根県出雲市多久谷町714
島根県出雲市多久谷町748
島根県出雲市多久谷町752-3
島根県出雲市多久谷町791-1
島根県出雲市多久谷町786-1
島根県出雲市多久谷町783-3
島根県出雲市多久谷町782-1
島根県出雲市多久谷町784-1
島根県出雲市■分町1850-1
島根県出雲市■分町1846-1
島根県出雲市■分町1845
島根県出雲市■分町1842
島根県出雲市■分町1843
島根県出雲市■分町1824
島根県出雲市■分町9999
島根県出雲市■分町1852-1
島根県出雲市■分町1834-1
島根県出雲市■分町1825
島根県出雲市■分町1831
島根県出雲市■分町1837-1
島根県出雲市■分町1854-1
島根県出雲市■分町1705
島根県出雲市■分町1829-1
島根県出雲市久多見町9
島根県出雲市久多見町14
島根県出雲市久多見町15
島根県出雲市久多見町8
島根県出雲市久多見町7
島根県出雲市久多見町5
島根県出雲市久多見町4
島根県出雲市野石谷町69
島根県出雲市野石谷町68
島根県出雲市野石谷町64
島根県出雲市野石谷町63
島根県出雲市野石谷町61
島根県出雲市岡田町322-1
島根県出雲市岡田町324
島根県出雲市岡田町373-1
島根県出雲市岡田町382-2
島根県出雲市岡田町389-2
島根県出雲市岡田町390-1
島根県出雲市岡田町391
島根県出雲市岡田町393
島根県出雲市岡田町405-1
島根県出雲市岡田町443
島根県出雲市岡田町445-1
島根県出雲市岡田町446-1
島根県出雲市岡田町446-2
島根県出雲市西郷町520-1
島根県出雲市西郷町526-1
島根県出雲市西郷町527-1
島根県出雲市西郷町529-1
島根県出雲市西郷町542-1
島根県出雲市西郷町541-1
島根県出雲市西郷町544-1
島根県出雲市西郷町545
島根県出雲市西郷町564
島根県出雲市西郷町565
島根県出雲市西郷町566
島根県出雲市西郷町567
島根県出雲市西郷町568
島根県出雲市西郷町570
島根県出雲市西郷町571
島根県出雲市西郷町572
島根県出雲市西郷町573
島根県出雲市西郷町574
島根県出雲市西郷町575
島根県出雲市西郷町576
島根県出雲市西郷町577
島根県出雲市西郷町583
島根県出雲市西郷町584-1
島根県出雲市西郷町584-2
島根県出雲市西郷町585-1
島根県出雲市西郷町585-2
島根県出雲市西郷町586-1
島根県出雲市西郷町586-2
島根県出雲市西郷町587
島根県出雲市西郷町588
島根県出雲市西郷町594-1
島根県出雲市西郷町594-2
島根県出雲市本庄町7-1
島根県出雲市本庄町5
島根県出雲市本庄町4
島根県出雲市本庄町13
島根県出雲市本庄町12
島根県出雲市本庄町8
島根県出雲市西郷町345-1
島根県出雲市西郷町345-2
島根県出雲市西郷町345-3
島根県出雲市西郷町346-1
島根県出雲市西郷町346-2
島根県出雲市西郷町346-3
島根県出雲市西郷町347-1
島根県出雲市西郷町347-2
島根県出雲市西郷町347-3
島根県出雲市西郷町348-1
島根県出雲市西郷町348-2
島根県出雲市西郷町348-3
島根県出雲市西郷町344-1
島根県出雲市西郷町344-3
